﻿<?xml version="1.0" encoding="utf-8" ?>
<c2eventsheet>
    <!--All the 'name' attributes are ignored by Construct 2 - they are there for readability only.-->
    <name>Event sheet 2</name>
    <events>
        <variable constant="0" name="sco" static="0" type="number">0</variable>
        <event-block any="1">
            <conditions>
                <condition id="0" name="On clicked" type="TRY" />
            </conditions>
            <actions>
                <action id="-2" name="Go to layout" type="System">
                    <param id="0" name="Layout">Layout 1</param>
                </action>
            </actions>
        </event-block>
        <event-block>
            <conditions>
                <condition id="-1" name="Every tick" type="System" />
            </conditions>
            <actions>
                <action id="0" name="Set text" type="SCORE">
                    <param id="0" name="Text">&quot;score:&quot; &amp; num</param>
                </action>
            </actions>
        </event-block>
    </events>
</c2eventsheet>
