﻿<?xml version="1.0" encoding="utf-8" ?>
<c2eventsheet>
    <!--All the 'name' attributes are ignored by Construct 2 - they are there for readability only.-->
    <name>Event sheet 1</name>
    <events>
        <variable constant="0" name="NUM" static="0" type="number">0</variable>
        <event-block>
            <conditions>
                <condition id="0" name="On collision with another object" type="coin_gold">
                    <param id="0" name="Object">bunny1_ready</param>
                </condition>
            </conditions>
            <actions>
                <action id="-9" name="Destroy" type="coin_gold" />
                <action id="-10" name="Add to" type="System">
                    <param id="0" name="Variable">NUM</param>
                    <param id="1" name="Value">50</param>
                </action>
            </actions>
        </event-block>
        <event-block>
            <conditions>
                <condition behavior="Platform" id="0" name="Is moving" type="bunny1_ready" />
                <condition behavior="Platform" id="3" name="Is jumping" type="bunny1_ready" />
            </conditions>
            <actions>
                <action id="4" name="Set animation" type="bunny1_ready">
                    <param id="0" name="Animation">&quot;JUMP&quot;</param>
                    <param id="1" name="From">1</param>
                </action>
                <action id="4" name="Set animation" type="bunny1_ready">
                    <param id="0" name="Animation">&quot;WALK&quot;</param>
                    <param id="1" name="From">1</param>
                </action>
            </actions>
        </event-block>
        <event-block>
            <conditions>
                <condition behavior="Platform" id="4" name="Is falling" type="bunny1_ready" />
            </conditions>
            <actions>
                <action id="4" name="Set animation" type="bunny1_ready">
                    <param id="0" name="Animation">&quot;HRT&quot;</param>
                    <param id="1" name="From">1</param>
                </action>
            </actions>
        </event-block>
        <event-block>
            <conditions>
                <condition id="11" name="Collisions enabled" type="bunny1_ready" />
            </conditions>
            <actions>
                <action id="-11" name="Add to" type="Text">
                    <param id="0" name="Instance variable">Variable1</param>
                    <param id="1" name="Value">1</param>
                </action>
            </actions>
        </event-block>
        <event-block>
            <conditions>
                <condition id="-4" name="Is outside layout" type="bunny1_ready" />
            </conditions>
            <actions>
                <action id="-2" name="Go to layout" type="System">
                    <param id="0" name="Layout">Layout 2</param>
                </action>
            </actions>
        </event-block>
        <event-block>
            <conditions>
                <condition id="-2" name="On start of layout" type="System" />
            </conditions>
            <actions>
                <action id="-9" name="Set value" type="System">
                    <param id="0" name="Variable">NUM</param>
                    <param id="1" name="Value">0</param>
                </action>
            </actions>
        </event-block>
    </events>
</c2eventsheet>
